{"cameraMode":{"drawMode":0,"name":"Shaded","section":"Shading Mode"},"sceneLighting":false,"audioPlay":false,"sceneViewState":{"m_AlwaysRefresh":false,"showFog":true,"showSkybox":false,"showFlares":true,"showImageEffects":true,"showParticleSystems":true,"showVisualEffectGraphs":true,"m_FxEnabled":true},"in2DMode":false,"pivot":{"x":12.459999084472657,"y":1.6999998092651368,"z":3.359999656677246},"rotation":{"x":-0.017781518399715425,"y":0.9779991507530212,"z":-0.18586274981498719,"w":-0.09331433475017548},"size":12.12435531616211,"orthographic":false}