{"cameraMode":{"drawMode":0,"name":"Shaded","section":"Shading Mode"},"sceneLighting":false,"audioPlay":false,"sceneViewState":{"m_AlwaysRefresh":false,"showFog":true,"showSkybox":false,"showFlares":true,"showImageEffects":true,"showParticleSystems":true,"showVisualEffectGraphs":true,"m_FxEnabled":true},"in2DMode":false,"pivot":{"x":12.459999084472657,"y":1.6999998092651368,"z":3.359999656677246},"rotation":{"x":-0.22914105653762818,"y":0.41730841994285586,"z":-0.10959219187498093,"w":-0.8725706934928894},"size":12.12435531616211,"orthographic":false}