{"cameraMode":{"drawMode":0,"name":"Shaded","section":"Shading Mode"},"sceneLighting":false,"audioPlay":false,"sceneViewState":{"m_AlwaysRefresh":false,"showFog":true,"showSkybox":false,"showFlares":true,"showImageEffects":true,"showParticleSystems":true,"showVisualEffectGraphs":true,"m_FxEnabled":true},"in2DMode":false,"pivot":{"x":-16.860048294067384,"y":1.5844351053237916,"z":-24.530000686645509},"rotation":{"x":-0.19938312470912934,"y":-0.7491469979286194,"z":0.25941169261932375,"w":-0.5760166049003601},"size":1.5066896677017213,"orthographic":false}