{"cameraMode":{"drawMode":0,"name":"Shaded","section":"Shading Mode"},"sceneLighting":true,"audioPlay":false,"sceneViewState":{"m_AlwaysRefresh":false,"showFog":true,"showSkybox":false,"showFlares":true,"showImageEffects":true,"showParticleSystems":true,"showVisualEffectGraphs":true,"m_FxEnabled":true},"in2DMode":false,"pivot":{"x":-12.453282356262207,"y":3.1587278842926027,"z":-20.974811553955079},"rotation":{"x":-0.06167852506041527,"y":0.7042060494422913,"z":-0.061640769243240359,"w":-0.7046297192573547},"size":0.5192774534225464,"orthographic":false}